delivery_id,order_id,rider_id,distance_km,vehicle_type,delivery_rating,delay_flag
600001,7006020,100244,6.18,EV Scooter,3.4,No
600002,7013837,102935,11.54,EV,5.0,No
600003,7000651,102034,11.08,EV Scooter,1.6,No
600004,7006948,102907,4.11,EV Scooter,2.7,No
600005,7007009,100835,3.77,Bike,1.4,No
600006,7009616,102593,9.64,EV,4.9,Yes
600007,7009649,101084,6.265,Bike,1.9,No
600008,7013498,102572,7.9,EV,1.5,No
600009,7000280,101601,6.265,Bike,1.5,No
600010,7012095,103429,9.75,EV Scooter,4.9,Yes
600011,7011525,103549,1.58,Bicycle,4.0,No
600012,7006899,100111,10.41,Bicycle,2.9,No
600013,7003312,100710,6.275,EV,2.6,Yes
600014,7006349,102752,11.22,Bike,2.2,No
600015,7012024,102913,6.23,EV Scooter,4.5,No
600016,7009849,100106,0.77,EV Scooter,2.0,No
600017,7001665,103460,6.16,EV,3.6,Yes
600018,7007523,100032,1.35,Bicycle,4.7,Yes
600019,7002452,103282,6.13,EV,1.8,Yes
600020,7012360,100918,0.92,Bike,1.3,No
600021,7000873,102203,1.39,Bike,1.5,Yes
600022,7012951,101579,9.22,Bicycle,3.5,No
600023,7008562,101596,11.06,EV Scooter,2.9,Yes
600024,7013438,100883,10.14,EV Scooter,2.9,No
600025,7011507,102036,8.85,Bicycle,3.8,Yes
600026,7006446,100434,3.51,Bike,3.3,No
600027,7011700,103446,4.18,Bike,2.4,Yes
600028,7012034,102264,9.03,EV,2.9,Yes
600029,7005745,102160,7.62,Bike,2.9,Yes
600030,7008932,102859,1.49,Bicycle,2.2,No
600031,7003872,100601,4.21,Bicycle,3.2,Yes
600032,7014314,100916,1.56,Bicycle,2.5,No
600033,7011309,103121,1.93,EV,2.4,Yes
600034,7006751,102721,0.9,Bike,2.2,Yes
600035,7009467,103917,4.68,Bike,4.7,No
600036,7008238,103364,5.7,EV,4.1,No
600037,7004093,102217,6.275,EV,1.2,No
600038,7013074,100127,1.78,EV Scooter,2.7,No
600039,7013128,103475,0.56,Bike,4.8,No
600040,7004005,103586,1.17,EV Scooter,4.3,Yes
600041,7008157,102349,4.17,Bike,2.6,No
600042,7009706,103961,8.44,EV,2.9,Yes
600043,7014355,103793,1.38,EV Scooter,3.9,No
600044,7005790,103679,2.18,EV,1.7,No
600045,7004461,102664,4.03,EV Scooter,2.5,No
600046,7007350,102523,7.73,EV Scooter,2.9,Yes
600047,7011710,101574,6.52,EV Scooter,1.3,Yes
600048,7011656,102310,5.73,Bike,1.3,No
600049,7001249,102752,8.73,Bicycle,3.5,No
600050,7007077,100154,6.6,EV Scooter,1.9,Yes
600051,7007605,100368,6.05,Bike,4.8,Yes
600052,7006424,101723,9.41,EV,3.7,No
600053,7013918,101821,3.05,Bike,2.2,Yes
600054,7001083,103172,10.28,Bicycle,2.9,No
600055,7003674,102508,11.36,EV Scooter,4.3,No
600056,7005820,102264,5.82,Bike,3.5,Yes
600057,7007127,102492,4.11,Bike,2.2,No
600058,7003225,100079,2.22,Bicycle,2.5,Yes
600059,7001032,101528,11.86,Bicycle,1.6,Yes
600060,7008684,103289,0.95,Bike,4.3,No
600061,7005231,103980,5.65,EV Scooter,3.1,No
600062,7005211,101743,11.83,Bike,2.7,No
600063,7007842,100511,10.42,Bike,4.7,Yes
600064,7005296,103614,0.85,EV Scooter,2.7,No
600065,7001338,100774,9.69,Bicycle,1.6,No
600066,7010151,100553,6.83,Bicycle,1.8,No
600067,7013207,103393,1.82,EV,2.9,No
600068,7005603,102664,6.275,EV,1.6,No
600069,7004809,100950,8.43,Bike,2.7,No
600070,7013869,103757,3.45,Bike,4.3,Yes
600071,7013336,101861,5.05,EV Scooter,2.1,Yes
600072,7005463,102361,9.21,EV,2.3,No
600073,7007962,102065,8.43,EV,2.9,No
600074,7006585,103111,9.73,EV Scooter,3.8,No
600075,7000978,103970,4.32,EV Scooter,4.3,Yes
600076,7011523,101991,11.27,Bike,4.2,Yes
600077,7013426,102226,10.2,Bicycle,3.9,Yes
600078,7010467,102904,10.61,Bicycle,2.9,No
600079,7000595,102051,7.75,EV Scooter,4.2,No
600080,7006763,101329,5.41,EV Scooter,3.8,Yes
600081,7007328,103591,9.53,EV Scooter,3.0,No
600082,7010407,100750,11.9,Bike,1.2,No
600083,7013379,103423,9.93,Bike,1.9,No
600084,7000560,101168,9.91,EV,3.1,Yes
600085,7005182,103062,6.49,EV,1.6,No
600086,7000384,102210,5.72,Bike,3.9,Yes
600087,7010661,100327,8.84,EV Scooter,1.9,No
600088,7010923,100131,4.48,EV Scooter,2.2,No
600089,7007778,102610,1.1,EV,2.3,Yes
600090,7009545,103241,7.74,Bike,4.1,Yes
600091,7005194,103144,5.12,Bike,2.4,No
600092,7012091,101574,5.54,Bike,3.9,Yes
600093,7013054,102779,8.35,Bike,3.9,No
600094,7006055,103929,5.64,EV,2.5,Yes
600095,7000072,100902,5.92,Bike,2.4,No
600096,7012233,102242,4.31,Bike,1.7,No
600097,7005446,102768,10.57,Bike,2.8,No
600098,7014045,102064,10.76,EV,3.6,No
600099,7008583,101005,8.62,Bike,3.9,No
600100,7005466,102391,6.265,Bike,2.6,Yes
600101,7005441,100586,0.53,EV,1.2,No
600102,7003122,103289,9.49,EV Scooter,3.6,No
600103,7006726,101041,2.26,Bike,4.0,Yes
600104,7007697,100206,6.71,Bike,4.6,No
600105,7010040,103199,4.01,Bike,2.9,No
600106,7006016,103925,1.6,Bike,2.9,Yes
600107,7004448,100784,10.38,Bicycle,2.9,No
600108,7011348,102788,3.34,EV Scooter,3.4,No
600109,7003450,100111,10.79,EV Scooter,3.4,No
600110,7014754,102916,5.36,EV,2.0,No
600111,7011137,103895,2.05,Bike,4.1,No
600112,7008774,101596,11.6,EV Scooter,3.6,Yes
600113,7008762,102779,8.51,Bike,3.9,No
600114,7008255,103561,1.62,Bike,2.5,Yes
600115,7000047,101559,6.6,EV Scooter,4.7,No
600116,7012614,102572,8.06,Bike,4.4,No
600117,7002432,102144,8.98,Bicycle,1.2,No
600118,7006815,103716,2.87,EV,1.8,Yes
600119,7004916,100083,2.11,EV,4.8,No
600120,7005281,101416,5.58,Bike,2.3,No
600121,7001962,101964,1.95,EV,2.4,No
600122,7007682,102505,11.51,Bike,2.9,Yes
600123,7002775,102971,4.56,EV Scooter,3.3,Yes
600124,7002673,100729,1.68,EV Scooter,2.9,No
600125,7013768,100658,0.85,EV,2.4,Yes
600126,7003190,103209,3.32,Bike,2.9,No
600127,7002978,100325,9.43,Bike,1.4,No
600128,7005313,101157,6.265,Bike,4.1,No
600129,7004168,102446,6.11,EV Scooter,4.1,No
600130,7012465,103533,8.33,Bicycle,2.8,No
600131,7002196,100713,2.62,Bike,4.3,No
600132,7001992,100802,10.7,EV Scooter,3.4,No
600133,7003944,100105,9.18,EV,4.7,No
600134,7010871,100610,5.8,Bike,2.2,Yes
600135,7007526,103082,1.27,Bicycle,2.9,Yes
600136,7013213,102086,5.93,Bicycle,2.9,No
600137,7006918,102993,9.37,Bicycle,2.9,Yes
600138,7010365,101204,8.77,Bike,2.9,Yes
600139,7011996,103193,1.88,Bicycle,2.5,Yes
600140,7014505,101495,6.5,Bike,2.9,No
600141,7012449,103614,10.67,Bike,2.9,No
600142,7008312,102227,6.265,Bike,2.9,No
600143,7001796,100852,3.88,Bicycle,1.9,No
600144,7000698,101857,4.59,EV Scooter,3.4,Yes
600145,7003483,100886,1.2,EV,4.2,Yes
600146,7005277,102563,8.86,Bike,1.5,No
600147,7012880,103431,6.265,Bike,2.6,No
600148,7008587,101901,1.05,Bike,3.1,No
600149,7006043,102470,2.3,EV,4.9,No
600150,7011929,101885,1.75,Bike,2.9,Yes
600151,7014297,103771,4.59,Bike,4.9,Yes
600152,7014272,101416,4.05,EV Scooter,2.5,Yes
600153,7002104,101821,10.0,Bicycle,4.0,Yes
600154,7014847,103865,3.32,EV,3.3,Yes
600155,7004417,101597,8.86,Bike,2.1,No
600156,7000242,100775,6.35,EV,3.3,No
600157,7006824,102770,9.01,EV,1.6,No
600158,7006476,103802,10.08,Bike,1.0,No
600159,7011406,100257,2.56,Bicycle,3.6,No
600160,7000171,103584,7.25,Bike,2.1,Yes
600161,7004551,100264,5.87,Bike,1.2,Yes
600162,7012415,103811,9.03,Bike,2.7,Yes
600163,7011416,101069,0.99,EV,1.1,Yes
600164,7008560,101144,6.12,Bicycle,4.8,No
600165,7003036,101246,4.02,Bike,2.1,Yes
600166,7011055,100831,1.24,Bike,4.3,No
600167,7008206,102735,2.2,Bicycle,1.9,Yes
600168,7010134,100096,1.85,EV Scooter,1.3,No
600169,7002216,101002,9.86,Bike,2.7,No
600170,7012361,101118,6.94,EV,1.5,No
600171,7011249,103217,3.89,Bike,2.4,No
600172,7002758,102798,5.73,EV Scooter,4.7,No
600173,7014248,101218,10.08,EV,3.0,No
600174,7004451,103983,8.09,EV,3.2,No
600175,7001740,101151,9.1,EV Scooter,2.7,No
600176,7009947,102076,3.21,EV Scooter,1.6,No
600177,7001238,102226,8.51,EV,1.5,No
600178,7004925,101330,5.71,EV,2.9,No
600179,7001285,103814,5.86,EV Scooter,2.9,Yes
600180,7001088,100442,9.6,EV Scooter,2.8,No
600181,7002560,100496,8.32,Bicycle,4.8,No
600182,7014669,103067,7.92,EV Scooter,4.0,No
600183,7013729,101707,9.34,EV,3.9,Yes
600184,7011662,102076,4.29,Bike,1.0,No
600185,7002847,100831,11.78,EV Scooter,3.9,No
600186,7010416,103344,3.77,EV Scooter,1.1,No
600187,7005738,102753,3.96,Bicycle,3.0,No
600188,7001283,101962,7.32,Bike,2.9,No
600189,7004154,103541,3.71,Bike,3.3,No
600190,7003555,102782,6.81,Bicycle,3.3,No
600191,7007840,101784,6.265,Bike,3.7,No
600192,7003417,103209,6.98,EV,2.1,Yes
600193,7010715,102640,8.04,Bike,1.1,No
600194,7000196,102298,2.53,Bicycle,4.5,Yes
600195,7001291,102638,3.58,EV,2.9,No
600196,7005221,100883,6.43,Bike,1.5,Yes
600197,7009149,100415,7.7,Bike,1.4,No
600198,7000490,102019,5.65,Bike,2.9,Yes
600199,7002745,101787,3.88,Bicycle,2.6,No
600200,7003117,101321,7.24,Bike,4.5,Yes
600201,7006863,101290,11.05,Bicycle,2.9,Yes
600202,7009695,102798,6.01,Bike,1.4,Yes
600203,7003207,100442,0.58,Bike,1.7,No
600204,7003546,103381,4.3,Bicycle,5.0,No
600205,7006824,102217,8.36,Bike,2.1,No
600206,7003419,103381,9.81,Bike,2.1,No
600207,7003591,102149,11.3,Bike,2.8,Yes
600208,7014543,102419,4.92,Bicycle,1.6,Yes
600209,7014179,103462,5.23,Bike,3.6,No
600210,7008544,100380,1.15,EV Scooter,2.9,Yes
600211,7002551,102899,7.08,Bicycle,3.1,No
600212,7009879,101494,10.18,EV,2.7,Yes
600213,7009873,101393,9.27,Bike,2.9,Yes
600214,7008177,103362,6.81,Bicycle,4.5,Yes
600215,7005560,102281,2.13,EV Scooter,3.7,No
600216,7013264,102358,4.17,EV Scooter,2.1,No
600217,7012414,101369,6.13,EV Scooter,1.4,No
600218,7014847,101962,3.53,EV,2.9,Yes
600219,7004410,100970,2.95,Bike,3.1,No
600220,7012996,100318,10.35,Bicycle,1.4,No
600221,7002989,100184,5.76,Bike,3.3,No
600222,7001972,102563,10.99,Bike,1.5,No
600223,7000728,102290,0.92,EV Scooter,1.8,Yes
600224,7012852,103543,9.47,Bike,4.7,No
600225,7000442,101168,11.27,EV,2.2,No
600226,7011414,102889,6.11,EV,4.5,Yes
600227,7008142,101238,1.71,EV Scooter,4.6,Yes
600228,7007682,101714,6.2,EV Scooter,2.3,Yes
600229,7011071,102445,6.9,EV Scooter,2.5,Yes
600230,7012936,102026,0.8,Bike,3.3,No
600231,7003880,103738,11.77,Bike,4.1,Yes
600232,7005214,102913,2.67,EV,2.9,No
600233,7011483,100010,7.52,Bicycle,3.1,Yes
600234,7013392,103858,11.16,Bike,1.3,No
600235,7012703,103419,6.7,Bike,4.9,No
600236,7003117,103028,1.83,Bike,3.2,No
600237,7010806,103918,4.66,EV,2.7,No
600238,7006763,103584,11.44,EV Scooter,4.7,Yes
600239,7014843,103373,11.59,Bicycle,1.6,No
600240,7006933,101919,5.25,EV Scooter,4.8,Yes
600241,7011135,102048,10.36,Bike,1.5,Yes
600242,7000234,103543,6.275,EV,1.1,No
600243,7011759,100154,3.8,EV,3.2,Yes
600244,7007533,100158,11.92,EV Scooter,1.4,No
600245,7002179,103584,0.63,EV Scooter,4.4,Yes
600246,7005695,103306,11.75,EV,4.7,No
600247,7013917,100335,6.25,EV,3.8,No
600248,7000793,100393,7.76,Bike,2.9,Yes
600249,7012740,100831,2.01,EV,2.4,Yes
600250,7014357,102305,7.5,EV Scooter,5.0,Yes
600251,7005200,103591,9.36,EV Scooter,1.7,No
600252,7004143,101570,11.49,Bike,2.4,Yes
600253,7006078,103647,0.51,EV Scooter,2.1,Yes
600254,7008543,100578,1.72,EV Scooter,1.0,Yes
600255,7001957,103358,7.3,Bike,3.7,No
600256,7001320,100843,0.63,Bike,2.9,No
600257,7014325,101193,3.95,Bicycle,4.8,No
600258,7014184,101060,10.88,Bike,3.4,Yes
600259,7003143,101404,6.265,Bike,4.5,No
600260,7003370,103151,4.1,Bicycle,3.8,No
600261,7005973,101993,4.76,EV,2.9,Yes
600262,7003862,102669,3.14,Bicycle,1.0,No
600263,7003784,100657,6.265,Bike,3.3,Yes
600264,7006609,103712,9.66,Bike,3.6,Yes
600265,7003506,103786,4.62,EV,1.8,No
600266,7012143,102273,10.99,Bike,2.9,No
600267,7004062,103929,8.21,EV Scooter,3.7,No
600268,7010253,102280,9.75,EV Scooter,2.9,Yes
600269,7013184,103824,10.53,Bicycle,1.8,No
600270,7010128,103802,7.52,Bike,4.3,Yes
600271,7011823,102236,1.53,EV Scooter,3.5,No
600272,7010187,101329,4.3,EV Scooter,2.9,No
600273,7002001,102703,6.19,Bike,1.8,No
600274,7014183,101330,3.48,EV,4.5,Yes
600275,7000618,100023,5.87,EV,3.1,No
600276,7013711,102002,8.53,Bicycle,2.0,No
600277,7001692,102872,9.0,Bicycle,4.1,No
600278,7004231,103172,2.84,Bicycle,4.3,No
600279,7009686,101114,0.87,EV Scooter,2.9,No
600280,7010453,103601,4.99,Bicycle,4.8,No
600281,7005601,102492,3.97,Bike,1.8,No
600282,7004022,103888,8.07,Bike,1.2,No
600283,7012250,100275,4.78,Bike,2.9,No
600284,7009061,100020,4.39,Bicycle,1.3,Yes
600285,7003139,102785,11.74,EV,3.5,No
600286,7002669,103761,3.94,Bicycle,2.5,Yes
600287,7009368,100345,5.83,EV,1.2,No
600288,7002469,101191,5.44,Bike,3.1,Yes
600289,7009747,103655,5.43,Bike,1.0,Yes
600290,7004605,103866,9.22,Bike,3.5,No
600291,7010353,100308,8.16,Bicycle,2.9,No
600292,7011264,103122,9.29,Bike,2.1,No
600293,7009164,101118,2.97,Bike,3.8,Yes
600294,7003776,100913,9.73,EV,1.7,Yes
600295,7001828,101329,5.33,Bike,1.6,Yes
600296,7013919,102246,6.5,Bike,1.7,Yes
600297,7004278,104000,4.79,EV Scooter,4.6,No
600298,7010158,100824,6.6,EV Scooter,4.0,Yes
600299,7011041,102066,6.25,EV Scooter,3.8,No
600300,7001344,100063,11.01,EV,2.3,Yes
600301,7001418,102104,7.61,EV Scooter,2.6,No
600302,7001571,102669,8.38,EV,1.2,No
600303,7009569,102772,1.51,Bike,2.4,No
600304,7009614,102280,5.03,EV,2.2,No
600305,7014994,101784,7.69,Bike,3.8,Yes
600306,7008358,103840,9.99,Bicycle,1.9,Yes
600307,7008776,103929,6.57,EV,2.5,Yes
600308,7014256,101424,7.13,Bike,4.1,Yes
600309,7011557,102344,1.84,Bicycle,3.5,Yes
600310,7011312,100010,11.98,EV Scooter,2.1,Yes
600311,7000644,102394,3.61,Bike,4.4,No
600312,7006119,101273,3.17,EV,1.8,Yes
600313,7003896,101136,5.53,EV,2.9,No
600314,7011348,103041,6.265,Bike,2.9,No
600315,7005340,101723,9.52,EV,2.6,No
600316,7012626,100714,1.75,Bicycle,1.9,Yes
600317,7007779,100368,0.72,Bicycle,2.2,No
600318,7002963,100747,0.58,EV Scooter,4.3,Yes
600319,7004098,100253,7.62,EV,1.9,No
600320,7003512,103601,6.12,EV Scooter,2.2,No
600321,7009825,102919,11.2,Bicycle,4.4,No
600322,7009787,101507,6.81,Bicycle,2.9,No
600323,7012717,101259,2.67,Bike,3.9,No
600324,7000702,100696,2.64,EV,4.9,No
600325,7014065,100341,5.96,EV,3.3,No
600326,7008598,103354,5.43,Bike,2.6,No
600327,7008214,103724,0.97,Bicycle,4.8,No
600328,7010193,100105,10.0,Bike,3.5,No
600329,7004064,100166,11.1,Bicycle,1.2,No
600330,7006571,100281,3.8,EV Scooter,3.2,Yes
600331,7003213,101316,9.07,EV,2.9,No
600332,7008928,101869,0.89,Bicycle,1.6,Yes
600333,7011669,103813,11.87,EV Scooter,2.2,No
600334,7007180,102226,11.16,Bicycle,4.3,No
600335,7010154,100029,10.9,Bike,2.5,No
600336,7013875,103970,6.4,Bike,4.5,Yes
600337,7001478,103419,6.12,EV,1.1,No
600338,7013564,100082,3.2,EV,2.9,Yes
600339,7003646,102054,8.74,Bike,2.6,Yes
600340,7014741,102916,6.8,Bike,3.3,Yes
600341,7003291,102179,5.8,Bicycle,1.1,Yes
600342,7010141,103269,6.265,Bike,3.0,No
600343,7003720,100422,8.34,EV Scooter,4.2,No
600344,7004444,100661,11.17,Bike,4.2,No
600345,7010129,100604,10.49,EV Scooter,1.7,Yes
600346,7003349,102633,5.91,Bike,2.5,Yes
600347,7006031,103121,10.56,Bike,2.4,Yes
600348,7003687,101027,2.8,EV Scooter,2.9,No
600349,7007363,103980,0.54,Bicycle,4.1,No
600350,7014603,103854,3.65,EV Scooter,2.9,Yes
600351,7014588,103679,8.95,EV,3.7,No
600352,7011397,101026,8.98,EV,2.9,No
600353,7007318,100011,8.31,Bike,3.3,Yes
600354,7012732,101609,2.35,Bike,2.9,Yes
600355,7012495,103228,11.87,Bicycle,2.0,Yes
600356,7010737,100467,2.13,EV,1.5,No
600357,7014609,100453,11.88,EV,3.6,No
600358,7013249,103858,1.18,Bike,1.1,Yes
600359,7008797,101556,2.3,EV Scooter,2.6,No
600360,7008045,102142,1.73,EV,4.0,No
600361,7004495,103257,6.15,Bike,2.9,No
600362,7012518,100982,8.46,Bike,3.3,No
600363,7005457,100159,11.07,Bicycle,2.8,No
600364,7008844,103937,6.6,EV Scooter,3.5,No
600365,7009197,102572,3.38,Bike,3.6,Yes
600366,7013448,100970,8.5,Bike,2.6,Yes
600367,7013460,101404,6.6,EV Scooter,4.1,Yes
600368,7006554,103056,10.0,Bicycle,2.9,No
600369,7003189,103092,4.84,EV Scooter,1.5,No
600370,7007679,103628,7.82,EV,4.3,No
600371,7013140,100406,5.8,Bike,4.5,No
600372,7001726,101031,3.88,Bike,1.7,Yes
600373,7002899,102899,6.37,EV,2.8,No
600374,7006774,101929,0.58,Bicycle,1.7,No
600375,7011037,101817,7.06,Bicycle,4.1,No
600376,7006282,101238,3.15,Bike,3.4,Yes
600377,7002165,103918,11.25,Bike,4.9,No
600378,7013406,103217,10.09,EV,4.7,No
600379,7013472,103961,6.265,Bike,1.1,No
600380,7009449,102210,6.265,Bike,3.0,Yes
600381,7006098,100658,11.55,EV Scooter,4.6,No
600382,7003259,101930,8.89,EV Scooter,2.0,No
600383,7014105,101724,8.55,EV Scooter,2.9,Yes
600384,7012463,101650,4.84,Bicycle,3.3,No
600385,7007538,100573,6.41,Bike,2.9,No
600386,7004486,102401,3.3,Bike,4.9,Yes
600387,7011968,102842,4.61,Bike,5.0,No
600388,7000773,102322,10.04,EV Scooter,3.1,Yes
600389,7008134,101825,5.32,Bicycle,2.8,Yes
600390,7003863,100264,1.1,EV Scooter,3.8,Yes
600391,7009073,102227,6.66,EV Scooter,2.6,No
600392,7009334,102217,8.56,Bike,2.9,No
600393,7002581,101632,4.64,Bicycle,3.7,No
600394,7001622,103254,4.94,Bike,1.0,Yes
600395,7014058,103344,5.37,Bike,3.0,Yes
600396,7010181,101991,11.55,Bike,4.6,Yes
600397,7011657,101023,5.14,Bike,2.8,Yes
600398,7014635,100359,4.87,EV,2.9,Yes
600399,7000064,100913,2.7,Bike,4.0,Yes
600400,7014671,103761,0.59,EV,1.3,Yes
600401,7014050,100484,4.92,EV,4.8,No
600402,7002456,102605,6.6,EV Scooter,1.5,No
600403,7002505,101288,2.76,Bike,2.9,No
600404,7009699,103240,1.23,Bicycle,2.9,Yes
600405,7000270,101157,8.09,Bicycle,4.3,Yes
600406,7007081,103375,8.83,Bicycle,3.2,No
600407,7007187,103344,1.53,EV Scooter,2.5,No
600408,7008316,101703,1.13,Bicycle,5.0,No
600409,7002718,101356,2.84,Bicycle,5.0,Yes
600410,7004441,100495,5.15,EV,1.9,No
600411,7001802,100601,6.74,EV,5.0,Yes
600412,7001082,103228,5.8,Bike,4.3,Yes
600413,7008338,101492,7.94,EV,1.4,Yes
600414,7008329,101821,1.09,Bike,2.8,Yes
600415,7003764,100479,3.13,Bicycle,1.8,Yes
600416,7012437,101169,6.265,Bike,3.8,Yes
600417,7004693,103735,7.44,Bicycle,1.5,Yes
600418,7010061,103392,10.27,EV Scooter,3.7,No
600419,7012233,101099,6.6,EV Scooter,2.4,Yes
600420,7001242,103144,7.35,Bicycle,4.9,No
600421,7004691,102170,3.13,Bike,3.3,No
600422,7002372,100639,5.4,Bike,2.9,No
600423,7003064,100864,8.67,EV,1.1,Yes
600424,7013709,100825,6.83,Bicycle,2.0,No
600425,7011058,100983,6.02,EV Scooter,3.1,Yes
600426,7005254,103915,11.25,Bicycle,2.9,No
600427,7009763,102733,10.97,EV Scooter,1.3,No
600428,7002280,101397,8.51,Bicycle,2.1,No
600429,7008425,100972,11.78,EV Scooter,2.8,No
600430,7003558,103980,10.13,Bike,1.9,No
600431,7007475,100166,11.96,Bike,2.0,Yes
600432,7003141,103751,0.64,EV Scooter,4.6,No
600433,7001451,199010,6.79,EV Scooter,3.1,Yes
600434,7011414,103287,1.49,Bike,2.9,No
600435,7001865,100607,6.54,Bike,3.3,No
600436,7009028,103958,11.24,EV Scooter,4.1,No
600437,7002751,103917,10.29,Bike,3.9,No
600438,7000288,103240,1.06,EV,4.4,No
600439,7003607,102605,8.42,EV Scooter,4.6,No
600440,7012075,102115,8.4,EV Scooter,4.2,No
600441,7002551,101724,2.0,EV,2.9,Yes
600442,7013739,100496,1.8,EV,2.9,Yes
600443,7010372,100606,11.34,EV Scooter,4.9,No
600444,7010867,100498,10.98,Bike,3.7,No
600445,7000500,101300,4.19,Bike,4.3,Yes
600446,7008308,102807,6.19,EV Scooter,1.3,No
600447,7004507,102436,11.42,Bike,1.2,Yes
600448,7007415,101236,8.44,Bike,4.4,Yes
600449,7012380,103106,11.72,EV,1.9,No
600450,7008385,101784,1.71,EV,5.0,No
600451,7009408,101026,7.34,Bicycle,2.0,Yes
600452,7003703,100126,11.67,Bicycle,4.6,No
600453,7013602,103287,3.16,Bicycle,3.4,No
600454,7009817,103535,8.35,Bike,4.4,Yes
600455,7014332,100923,9.42,Bike,3.9,Yes
600456,7007079,100032,1.84,Bike,2.9,No
600457,7014028,103789,9.25,Bicycle,3.4,No
600458,7014217,101247,2.39,EV,2.1,No
600459,7005852,101298,7.35,Bike,1.4,Yes
600460,7002613,103549,9.78,EV Scooter,2.4,No
600461,7013483,101806,6.6,EV Scooter,4.1,No
600462,7001528,102225,2.18,EV,2.9,Yes
600463,7013096,103627,3.29,Bike,4.8,No
600464,7005832,100601,2.88,Bicycle,1.5,No
600465,7009649,103517,7.98,Bicycle,3.1,No
600466,7014938,101624,10.61,Bike,2.9,Yes
600467,7002699,100731,9.73,Bike,3.6,Yes
600468,7000171,103193,1.05,Bike,2.9,Yes
600469,7014410,102107,11.95,Bike,1.6,No
600470,7010138,100340,11.16,Bicycle,2.0,No
600471,7011333,102767,5.76,Bike,3.5,No
600472,7006688,102369,10.32,Bicycle,2.9,No
600473,7005866,102323,11.57,EV Scooter,2.4,No
600474,7006215,102310,4.69,Bike,3.9,Yes
600475,7009846,100401,7.03,Bicycle,2.9,Yes
600476,7007358,103561,2.18,Bicycle,3.7,No
600477,7008180,101781,4.72,EV,4.9,Yes
600478,7000285,102805,0.76,Bike,3.8,Yes
600479,7010595,103658,3.5,EV,2.9,No
600480,7008217,101392,4.46,Bike,3.8,No
600481,7009672,100253,11.37,EV,4.9,No
600482,7010430,103757,3.3,Bicycle,4.9,No
600483,7005930,103350,3.13,EV Scooter,2.5,No
600484,7013952,102872,9.53,EV,1.9,No
600485,7009362,103350,7.15,Bike,1.2,Yes
600486,7001143,102478,2.17,Bike,3.8,No
600487,7006749,103235,4.81,EV,1.9,No
600488,7007607,101748,7.91,EV Scooter,3.6,No
600489,7000243,101965,1.25,EV,2.7,No
600490,7007546,103807,10.32,EV,1.2,No
600491,7005229,102298,10.39,EV,1.0,No
600492,7005828,101361,9.7,Bicycle,3.5,No
600493,7006593,101748,10.82,Bicycle,1.7,No
600494,7008755,102546,6.275,EV,3.6,Yes
600495,7003459,101214,4.61,Bike,3.6,Yes
600496,7005118,100648,5.23,Bike,4.8,Yes
600497,7007235,101975,10.67,EV,4.9,Yes
600498,7002767,103162,5.37,Bike,2.9,No
600499,7013698,101143,11.25,Bike,2.5,No
600500,7014676,100835,7.1,EV Scooter,4.2,Yes
600501,7004230,102907,3.13,EV,2.5,Yes
600502,7001863,100151,3.05,EV Scooter,2.6,Yes
600503,7013491,102569,3.11,Bike,1.2,No
600504,7006845,101218,6.12,Bike,1.0,No
600505,7001670,100588,8.61,Bike,1.7,Yes
600506,7005123,101764,3.83,Bike,2.9,Yes
600507,7010662,103802,1.17,EV,3.1,No
600508,7007379,100726,1.61,Bike,4.8,No
600509,7013585,101975,0.91,EV,1.7,Yes
600510,7011860,102107,5.29,Bicycle,2.9,Yes
600511,7009158,100901,5.53,EV Scooter,3.2,No
600512,7007191,102026,3.28,Bike,1.2,Yes
600513,7006640,103417,7.37,Bike,1.3,No
600514,7003911,102310,7.76,Bike,3.9,Yes
600515,7006748,103865,6.265,Bike,4.6,No
600516,7010861,101329,9.46,EV Scooter,3.4,Yes
600517,7001617,100471,7.84,Bike,3.0,Yes
600518,7002084,103776,0.65,EV,2.1,No
600519,7010758,101988,8.77,EV Scooter,2.3,No
600520,7010889,102438,0.55,EV Scooter,3.9,No
600521,7009996,102002,7.42,Bike,2.2,No
600522,7007363,103517,2.08,EV Scooter,3.6,No
600523,7004359,100713,2.74,EV,2.7,Yes
600524,7011900,102054,6.6,EV Scooter,2.7,No
600525,7009237,103859,11.11,Bicycle,2.7,No
600526,7010286,100341,8.43,Bike,2.4,No
600527,7010183,100412,6.23,EV,3.1,No
600528,7014751,101658,10.91,Bicycle,4.6,No
600529,7009775,100610,6.265,Bike,1.6,Yes
600530,7001590,102916,9.17,Bike,1.1,No
600531,7008365,103417,11.99,Bike,2.9,Yes
600532,7004647,103586,4.55,EV,3.6,No
600533,7011859,101828,11.36,Bike,2.9,No
600534,7000508,101764,11.58,EV Scooter,1.7,No
600535,7006789,101343,10.22,EV Scooter,4.2,Yes
600536,7005898,103561,5.02,Bike,1.6,No
600537,7014336,103204,6.265,Bike,1.1,No
600538,7009233,103051,5.85,EV Scooter,3.1,No
600539,7002057,102110,10.3,EV,4.3,No
600540,7012608,101843,9.39,Bicycle,2.6,Yes
600541,7007748,101396,11.24,Bike,3.0,Yes
600542,7012956,103234,2.68,EV,2.0,No
600543,7011074,102072,8.44,EV Scooter,3.1,No
600544,7004790,101566,8.87,EV,2.2,Yes
600545,7002424,101988,7.88,EV Scooter,4.9,Yes
600546,7000292,101909,3.66,Bike,2.8,Yes
600547,7001088,103848,0.85,EV Scooter,2.1,Yes
600548,7010032,100846,10.56,EV,3.7,Yes
600549,7002692,102034,1.4,Bike,4.5,No
600550,7007452,103009,6.44,EV,4.8,No
600551,7009615,103906,10.4,EV,4.0,Yes
600552,7001806,102563,7.34,Bike,2.2,No
600553,7009014,100824,3.51,EV Scooter,2.9,No
600554,7001711,103089,3.54,Bike,2.5,Yes
600555,7014191,102691,7.52,Bicycle,1.7,No
600556,7007616,100782,5.75,Bike,1.2,Yes
600557,7007820,103487,11.49,EV,1.3,No
600558,7004296,103545,11.54,Bicycle,2.8,No
600559,7004524,101232,2.5,Bike,1.6,No
600560,7000601,100775,10.93,Bicycle,3.5,Yes
600561,7008209,102950,7.05,EV Scooter,2.1,No
600562,7009990,103840,9.94,Bike,2.9,No
600563,7000259,102339,2.24,Bike,2.2,No
600564,7014030,103306,4.03,Bike,1.3,Yes
600565,7006263,103383,3.11,Bike,3.9,No
600566,7001807,102276,7.04,EV Scooter,1.9,Yes
600567,7006210,102492,11.42,Bike,2.9,No
600568,7004017,100940,11.61,Bike,3.1,Yes
600569,7009123,102654,3.16,Bicycle,1.6,No
600570,7007155,101281,6.47,Bike,4.8,Yes
600571,7004741,102243,7.21,EV,4.2,No
600572,7010004,102721,7.08,Bicycle,5.0,Yes
600573,7009639,102323,0.9,EV,1.9,Yes
600574,7003381,103497,11.22,Bicycle,1.3,Yes
600575,7009880,100441,9.87,Bike,3.0,No
600576,7005836,101682,3.0,EV,1.9,Yes
600577,7005500,103223,4.57,EV,2.9,Yes
600578,7003365,102733,4.74,EV Scooter,4.2,Yes
600579,7014150,103494,7.36,Bike,4.8,No
600580,7004270,102985,7.66,EV Scooter,2.2,No
600581,7011895,100726,7.21,Bike,2.8,No
600582,7003055,100512,10.71,EV,4.9,No
600583,7013596,100558,10.0,Bike,1.0,Yes
600584,7007812,101031,6.95,Bike,4.5,No
600585,7002849,101932,9.82,Bicycle,2.8,Yes
600586,7014186,103223,9.2,EV Scooter,1.1,No
600587,7014501,100652,6.89,Bicycle,2.9,Yes
600588,7001275,102764,5.26,Bicycle,3.3,Yes
600589,7008815,100011,11.27,Bike,1.5,Yes
600590,7001674,103746,8.17,EV,2.9,Yes
600591,7003327,102691,9.83,Bicycle,3.0,No
600592,7014239,100380,1.08,Bike,1.8,No
600593,7012178,102225,6.39,Bike,1.9,Yes
600594,7004048,102310,11.85,Bicycle,1.4,No
600595,7004020,100912,2.4,Bicycle,1.9,Yes
600596,7014119,100993,3.22,Bicycle,1.8,No
600597,7009526,100959,9.87,Bicycle,2.7,No
600598,7003736,103149,10.12,Bike,2.1,No
600599,7002056,102264,5.25,EV,3.2,No
600600,7010219,103685,6.92,Bike,2.7,Yes
600601,7007456,100393,3.27,Bicycle,2.9,No
600602,7007537,102054,10.27,EV,2.5,No
600603,7005864,100875,2.03,Bike,4.9,Yes
600604,7012277,103967,9.18,Bicycle,3.5,No
600605,7002476,101686,3.4,Bike,3.2,No
600606,7001620,100083,6.81,EV Scooter,4.5,Yes
600607,7014755,103258,10.34,Bike,1.1,No
600608,7001047,103807,1.22,Bike,4.3,No
600609,7013290,102807,1.51,EV,2.2,No
600610,7000009,101436,10.78,EV Scooter,4.6,Yes
600611,7010546,100367,1.79,Bike,2.9,No
600612,7001223,102549,6.87,EV,2.1,No
600613,7009806,100557,3.53,EV,3.1,No
600614,7009402,100802,4.92,Bike,3.8,No
600615,7009808,101026,11.34,EV,4.1,No
600616,7012331,102381,6.21,Bike,1.7,No
600617,7012377,100407,9.39,EV Scooter,2.0,Yes
600618,7004475,103779,7.91,EV,2.9,No
600619,7010851,102205,3.91,Bike,1.9,No
600620,7013038,100838,10.43,EV,1.1,Yes
600621,7002030,101571,10.43,Bicycle,2.0,No
600622,7008279,100710,9.12,Bike,2.2,Yes
600623,7008422,100032,5.57,Bike,1.7,No
600624,7001676,103614,1.41,Bicycle,2.9,No
600625,7010962,102091,9.87,EV,1.6,Yes
600626,7005013,101797,7.02,Bike,3.2,No
600627,7009219,101817,10.66,Bike,2.9,No
600628,7013541,103051,5.97,Bike,2.4,No
600629,7011432,101279,3.22,EV,2.9,Yes
600630,7010497,102759,9.97,EV Scooter,3.9,Yes
600631,7005722,103679,8.82,EV,4.9,Yes
600632,7010209,102443,4.86,Bike,4.9,Yes
600633,7011006,101965,2.54,EV Scooter,4.7,No
600634,7009868,103714,2.2,Bicycle,1.9,Yes
600635,7008397,101167,6.83,Bicycle,2.9,No
600636,7005697,100032,5.04,Bike,2.1,No
600637,7003733,102175,10.75,EV,1.2,Yes
600638,7008731,103789,6.83,Bicycle,1.5,Yes
600639,7010929,100426,0.52,EV Scooter,2.9,No
600640,7007237,103307,0.81,EV,3.2,Yes
600641,7007565,103718,4.8,EV,2.9,Yes
600642,7014363,103901,2.21,EV Scooter,4.8,No
600643,7013223,100259,3.58,EV,3.8,No
600644,7003718,100652,0.83,Bike,2.9,No
600645,7013867,103321,11.48,Bike,4.5,Yes
600646,7009536,103735,11.29,Bicycle,2.9,No
600647,7000087,102656,0.57,Bike,4.3,No
600648,7010469,100946,7.14,EV,4.1,No
600649,7009486,101436,2.67,EV Scooter,4.8,No
600650,7013914,103978,6.27,EV,2.2,No
600651,7007326,100972,6.99,Bicycle,3.6,No
600652,7003772,102439,3.79,Bike,1.3,Yes
600653,7003668,103064,10.64,Bike,1.8,No
600654,7001867,100341,9.94,EV,4.4,No
600655,7012981,199004,6.17,Bike,3.0,No
600656,7011155,103289,2.2,Bike,5.0,No
600657,7013484,102759,1.2,EV,5.0,Yes
600658,7008758,102623,5.78,Bicycle,4.6,Yes
600659,7000701,100646,1.89,Bike,4.5,No
600660,7000126,100951,9.46,Bicycle,1.6,No
600661,7002960,100923,5.16,Bike,2.6,Yes
600662,7008167,103361,3.97,EV,2.9,Yes
600663,7013151,103475,1.76,Bicycle,2.9,Yes
600664,7011157,102401,2.6,EV,4.5,Yes
600665,7011703,103535,2.14,EV Scooter,4.9,Yes
600666,7009643,103494,8.14,Bicycle,2.2,No
600667,7011245,103435,4.08,Bike,1.7,Yes
600668,7003130,103586,6.13,EV,1.7,Yes
600669,7008629,101415,9.51,EV,4.6,No
600670,7000761,102801,9.7,EV,4.5,No
600671,7005830,103072,7.89,EV Scooter,1.9,No
600672,7003735,100511,10.05,Bike,1.9,No
600673,7009944,100661,4.45,Bike,2.9,Yes
600674,7007220,103497,11.44,Bike,2.1,No
600675,7006560,102286,4.57,EV Scooter,2.0,No
600676,7006780,103233,7.87,EV,2.0,Yes
600677,7006586,103865,6.265,Bike,2.2,No
600678,7006063,102642,3.69,Bicycle,1.1,Yes
600679,7011435,103627,9.72,EV Scooter,2.9,Yes
600680,7007345,102217,3.59,Bicycle,1.3,Yes
600681,7009455,102077,6.98,Bike,2.3,Yes
600682,7012706,101614,2.04,EV,2.6,Yes
600683,7010524,102242,9.0,Bicycle,1.5,No
600684,7007459,100624,1.33,EV Scooter,1.1,No
600685,7003707,103625,10.11,Bicycle,2.9,No
600686,7007155,100105,1.74,Bike,1.6,No
600687,7013775,103431,3.92,EV,1.9,No
600688,7002548,101571,6.08,EV,2.9,Yes
600689,7000190,103566,6.83,Bicycle,3.3,No
600690,7012103,101161,6.87,Bike,3.3,Yes
600691,7000547,102065,10.33,EV Scooter,3.8,Yes
600692,7005932,103679,2.82,Bicycle,4.9,Yes
600693,7012474,101369,3.2,Bike,1.2,No
600694,7001140,103358,1.34,Bike,1.1,No
600695,7010254,100750,4.23,EV Scooter,3.5,Yes
600696,7008754,101115,6.33,Bike,2.9,No
600697,7008264,100831,7.72,EV,5.0,No
600698,7008359,102633,11.8,EV,3.7,Yes
600699,7004628,100970,11.88,Bike,4.0,Yes
600700,7011268,100950,2.79,Bike,2.9,No
600701,7013384,102566,9.05,EV Scooter,4.7,No
600702,7014831,103282,6.06,EV Scooter,3.8,No
600703,7000302,101883,1.04,Bike,4.2,No
600704,7000016,103926,8.91,EV Scooter,1.2,No
600705,7003406,102801,3.41,EV,3.3,Yes
600706,7002870,103595,11.14,Bike,3.0,No
600707,7009897,100349,8.73,Bike,2.9,Yes
600708,7000356,100370,2.88,Bike,1.6,No
600709,7000056,103918,9.66,EV,1.4,No
600710,7013854,100890,8.8,EV,1.5,No
600711,7004842,103068,6.265,Bike,4.2,Yes
600712,7011953,102745,8.23,Bike,4.2,Yes
600713,7013221,100308,11.05,Bike,3.8,Yes
600714,7012487,102065,1.42,Bike,4.4,No
600715,7008160,101892,10.21,Bike,1.5,Yes
600716,7003739,103647,11.49,EV,1.9,No
600717,7001086,103771,10.6,EV Scooter,2.6,No
600718,7009863,101700,4.93,EV,3.1,No
600719,7007724,102778,6.33,EV,3.4,Yes
600720,7005305,103217,6.83,Bicycle,3.2,No
600721,7008102,101781,4.43,EV,2.9,Yes
600722,7009896,101619,6.63,Bike,1.6,No
600723,7006094,101416,6.275,EV,2.9,No
600724,7009795,103147,4.38,Bicycle,2.9,No
600725,7003021,102691,6.265,Bike,4.4,Yes
600726,7013100,102962,7.03,EV,2.9,Yes
600727,7000890,101356,9.72,Bicycle,3.8,Yes
600728,7008451,100540,9.44,Bike,2.9,No
600729,7011911,101964,1.47,Bicycle,4.5,Yes
600730,7006717,102513,4.85,Bike,1.5,No
600731,7010033,101943,3.85,Bicycle,1.8,Yes
600732,7001711,103084,8.54,EV,3.9,Yes
600733,7001009,102703,2.21,EV Scooter,3.0,No
600734,7000190,103340,8.45,Bike,1.8,No
600735,7002850,102686,9.87,EV,1.3,No
600736,7008907,102816,3.93,EV Scooter,1.5,No
600737,7005019,103306,10.27,Bike,1.2,Yes
600738,7014969,103298,1.74,Bike,2.8,No
600739,7009162,102798,10.44,Bike,4.8,Yes
600740,7000605,100753,4.38,Bike,1.8,No
600741,7004883,103094,6.87,Bike,3.8,No
600742,7012036,100950,4.09,EV Scooter,4.0,No
600743,7010044,100759,8.72,EV,3.2,No
600744,7006784,102976,11.78,Bike,4.4,Yes
600745,7003634,100006,3.31,Bike,1.1,No
600746,7014752,101413,1.64,EV,3.5,No
600747,7009294,103358,8.82,Bike,3.1,Yes
600748,7005694,102653,6.265,Bike,2.9,No
600749,7003721,102076,3.92,EV Scooter,1.6,Yes
600750,7011743,100005,9.28,Bicycle,2.9,Yes
600751,7001985,102653,6.6,EV Scooter,2.4,No
600752,7005219,103724,3.08,EV Scooter,3.9,Yes
600753,7003944,103282,3.05,Bike,2.9,No
600754,7001798,102946,2.9,Bicycle,1.7,Yes
600755,7009017,101544,2.93,EV Scooter,4.8,Yes
600756,7014184,102721,8.04,EV,1.7,No
600757,7003192,101089,1.26,EV Scooter,1.9,No
600758,7008803,103633,8.91,Bike,4.9,Yes
600759,7008857,101578,5.54,Bicycle,1.7,Yes
600760,7006231,102549,2.48,Bike,2.9,No
600761,7012839,101626,11.81,Bike,4.9,No
600762,7008966,101404,6.67,EV Scooter,2.9,No
600763,7011097,101748,6.6,EV,3.5,No
600764,7007227,102033,7.16,Bike,3.4,No
600765,7013542,101146,1.09,Bike,2.9,No
600766,7012308,101602,3.04,Bike,4.0,No
600767,7011822,100031,8.72,EV,1.0,Yes
600768,7014975,102030,2.76,EV,3.8,Yes
600769,7005846,101669,8.02,EV,2.1,No
600770,7010527,103112,6.77,Bike,1.1,Yes
600771,7005067,100714,11.97,Bike,4.5,No
600772,7011740,103915,9.75,EV Scooter,2.9,No
600773,7001540,103741,6.265,Bike,2.9,Yes
600774,7002997,103543,9.51,EV Scooter,2.1,Yes
600775,7003608,101165,6.97,Bike,2.2,Yes
600776,7011116,102942,4.74,Bike,3.1,No
600777,7007810,100005,10.24,EV Scooter,1.3,No
600778,7007572,100750,3.17,Bike,1.9,No
600779,7012614,100111,11.44,EV,3.2,Yes
600780,7010335,102985,3.82,Bicycle,4.6,Yes
600781,7008966,103797,2.17,Bike,2.7,Yes
600782,7000871,103373,5.51,EV,1.5,No
600783,7006409,102424,10.0,EV,4.3,No
600784,7013548,100154,9.54,Bicycle,4.2,Yes
600785,7001743,103817,4.47,Bike,2.3,Yes
600786,7002166,100658,11.41,Bike,4.4,Yes
600787,7001613,100916,9.52,EV Scooter,2.5,No
600788,7001163,102411,7.74,EV,1.6,No
600789,7008830,100558,7.82,EV,1.3,Yes
600790,7013776,102782,10.95,Bicycle,1.3,Yes
600791,7010038,103306,3.26,Bike,2.9,Yes
600792,7007764,101686,2.18,Bicycle,2.8,No
600793,7007457,101929,11.86,Bike,2.6,No
600794,7012687,102976,9.59,EV,3.6,No
600795,7007676,102654,1.38,Bike,2.0,No
600796,7010989,101855,7.48,Bike,4.9,No
600797,7005537,101917,8.23,EV Scooter,2.9,Yes
600798,7013074,100471,2.43,Bike,2.6,No
600799,7004312,101165,8.07,Bike,2.9,Yes
600800,7001483,101450,1.46,EV Scooter,4.2,No
600801,7010717,101566,8.94,EV Scooter,2.9,No
600802,7007144,103499,2.57,Bike,4.7,Yes
600803,7010321,101167,9.23,Bike,3.5,No
600804,7008715,100982,2.69,EV,4.6,No
600805,7008460,102551,4.13,Bike,2.5,No
600806,7001938,103529,10.89,Bicycle,3.7,Yes
600807,7006456,103840,10.14,Bicycle,2.5,Yes
600808,7004802,102505,6.43,EV,4.0,Yes
600809,7014908,103849,5.53,Bike,1.1,Yes
600810,7007179,102922,6.265,Bike,1.5,Yes
600811,7012033,100843,6.83,Bicycle,1.8,No
600812,7003156,101136,3.29,Bike,4.2,No
600813,7010405,101869,7.07,Bike,1.3,No
600814,7011291,103811,8.45,Bike,1.1,Yes
600815,7009919,100972,9.83,Bicycle,2.5,Yes
600816,7002929,101959,2.13,EV,2.0,Yes
600817,7006898,102077,6.28,EV,3.8,No
600818,7007151,102273,0.76,EV,2.7,No
600819,7009462,102932,9.7,Bike,4.6,Yes
600820,7001915,100578,4.96,EV,3.3,No
600821,7001566,100553,4.01,Bike,1.8,No
600822,7004763,101265,3.72,EV Scooter,4.1,No
600823,7014723,103375,11.96,Bike,3.1,No
600824,7001799,100534,5.79,Bike,2.9,No
600825,7007205,103462,10.2,Bike,2.7,Yes
600826,7013912,102647,3.83,EV Scooter,3.3,Yes
600827,7004920,102913,5.02,Bicycle,2.7,No
600828,7014470,100873,2.72,EV Scooter,1.9,No
600829,7006963,101236,6.6,EV Scooter,4.9,No
600830,7001086,103716,6.87,Bicycle,2.2,No
600831,7000528,101988,1.36,EV,1.5,No
600832,7004657,101602,3.27,Bike,4.8,Yes
600833,7012693,101070,5.61,Bicycle,4.0,No
600834,7003145,101369,6.275,EV,4.8,Yes
600835,7001349,103590,2.06,Bike,1.0,No
600836,7008928,103361,5.22,Bicycle,1.4,No
600837,7008380,101247,7.33,Bike,4.2,No
600838,7008127,101542,10.76,EV Scooter,2.1,No
600839,7001614,101578,9.42,Bike,4.8,Yes
600840,7006862,101204,4.27,Bicycle,5.0,No
600841,7006141,100003,2.6,Bike,2.9,Yes
600842,7006106,101345,4.28,Bicycle,2.9,Yes
600843,7013851,100382,9.68,EV Scooter,4.7,No
600844,7012072,101009,9.36,Bicycle,1.2,Yes
600845,7003544,103874,6.265,Bike,3.6,No
600846,7013247,102395,9.72,Bicycle,2.9,No
600847,7005109,102972,4.47,EV,3.1,No
600848,7001917,100267,11.17,EV Scooter,2.9,Yes
600849,7003265,103199,10.15,EV Scooter,2.9,No
600850,7011312,101835,8.01,EV,1.9,No
600851,7002684,103917,6.36,Bicycle,1.8,Yes
600852,7014288,101707,5.68,Bicycle,4.7,No
600853,7009466,102593,5.54,Bicycle,1.0,Yes
600854,7006818,100345,9.77,Bike,4.0,No
600855,7001818,100790,5.18,Bicycle,1.4,No
600856,7002183,101736,0.88,Bike,1.8,Yes
600857,7006855,100259,7.39,Bicycle,4.8,No
600858,7005651,100479,7.41,EV,1.3,No
600859,7001417,102401,3.98,Bicycle,2.2,No
600860,7001146,103728,6.99,EV,1.5,Yes
600861,7011486,101707,4.76,Bike,3.6,No
600862,7014844,102386,11.95,EV,4.9,No
600863,7011921,102104,7.47,EV Scooter,1.2,No
600864,7011187,102549,4.0,EV,3.2,No
600865,7002349,101575,8.08,EV,4.9,No
600866,7009904,100495,9.66,EV Scooter,3.9,Yes
600867,7013129,103487,1.97,Bike,1.0,Yes
600868,7004430,100011,5.52,EV,4.3,No
600869,7012945,101939,7.9,EV,2.9,Yes
600870,7008479,101554,10.43,EV Scooter,4.7,No
600871,7013756,101334,6.6,EV Scooter,1.4,No
600872,7006902,103429,7.49,Bicycle,3.0,No
600873,7010635,101595,1.7,EV,4.1,No
600874,7010764,101839,0.77,Bike,4.5,No
600875,7005800,100078,5.96,Bicycle,1.9,No
600876,7014365,100948,1.22,EV Scooter,1.3,No
600877,7005880,103929,10.86,Bike,1.4,No
600878,7005961,103679,5.62,Bicycle,3.0,No
600879,7006242,102889,7.52,Bike,2.9,No
600880,7000528,101355,8.26,EV,4.2,Yes
600881,7011250,100713,8.34,EV,3.5,No
600882,7001910,101853,1.65,Bicycle,2.9,Yes
600883,7008930,103306,8.65,Bicycle,3.5,No
600884,7014143,103925,7.22,Bike,1.5,Yes
600885,7001850,102653,7.22,EV Scooter,4.9,Yes
600886,7003212,103903,10.48,Bike,1.3,No
600887,7014725,103874,7.92,Bicycle,4.7,Yes
600888,7003801,101171,4.83,Bike,2.9,No
600889,7001599,101775,7.56,EV,4.4,Yes
600890,7007978,103533,5.31,EV Scooter,4.8,No
600891,7003118,100231,9.07,Bike,1.7,No
600892,7002056,102660,7.55,Bicycle,2.5,No
600893,7007629,103460,2.42,EV,5.0,Yes
600894,7007149,100359,10.44,EV,3.4,Yes
600895,7013610,103257,4.63,EV Scooter,4.1,Yes
600896,7012669,103431,0.77,EV Scooter,2.4,No
600897,7014290,103171,10.89,Bike,1.6,No
600898,7013214,102235,3.61,Bike,2.5,Yes
600899,7008693,103858,3.14,Bike,2.3,No
600900,7008525,102816,11.31,EV,4.5,Yes
600901,7000262,101917,0.75,EV,2.6,Yes
600902,7013058,103383,5.39,Bike,1.5,Yes
600903,7013202,100714,10.26,EV Scooter,2.6,No
600904,7006447,101023,8.48,Bike,3.3,Yes
600905,7001869,101703,6.92,Bike,4.0,Yes
600906,7013659,103199,6.78,Bike,1.5,No
600907,7008064,100512,4.62,EV,3.7,No
600908,7008594,100970,7.1,Bicycle,4.5,Yes
600909,7014795,103439,8.8,EV,1.5,No
600910,7007218,101143,4.8,Bicycle,3.1,No
600911,7007994,101837,7.5,EV,1.5,No
600912,7001159,103529,5.17,Bicycle,1.8,Yes
600913,7012235,102478,5.79,Bicycle,4.3,Yes
600914,7001127,103541,2.65,Bike,1.5,No
600915,7011597,101959,8.63,EV Scooter,4.0,No
600916,7014695,100496,4.86,EV Scooter,2.0,Yes
600917,7006150,100032,0.61,EV Scooter,4.3,No
600918,7001924,101857,9.18,Bicycle,4.9,No
600919,7010946,100342,9.67,Bicycle,1.5,Yes
600920,7007774,100341,4.93,Bike,2.8,Yes
600921,7004143,103051,1.15,Bike,2.6,Yes
600922,7006468,100166,0.99,EV,1.0,Yes
600923,7008102,100382,1.74,EV Scooter,2.9,No
600924,7002348,103269,6.83,Bicycle,2.3,Yes
600925,7006437,103929,10.98,Bicycle,2.9,Yes
600926,7014045,102432,8.93,EV Scooter,3.0,No
600927,7002572,101860,10.41,Bike,4.4,No
600928,7000786,103840,6.57,EV Scooter,3.8,No
600929,7007618,101374,10.96,Bike,2.5,No
600930,7012036,103675,6.51,Bike,2.9,Yes
600931,7001537,100722,9.95,EV Scooter,4.9,Yes
600932,7000160,102325,7.99,Bike,4.8,No
600933,7006947,101825,6.62,EV Scooter,4.2,No
600934,7012156,100713,4.04,Bike,2.1,Yes
600935,7011768,100610,2.3,EV,1.5,Yes
600936,7010468,100807,9.33,Bicycle,4.5,Yes
600937,7006103,103371,3.66,EV Scooter,1.4,Yes
600938,7005289,103233,6.265,Bike,4.9,No
600939,7004263,101290,8.04,Bike,3.3,No
600940,7012324,100790,2.23,Bicycle,1.4,No
600941,7012066,101429,7.02,Bike,1.3,No
600942,7010926,100774,11.58,EV Scooter,2.3,No
600943,7002133,101169,10.55,EV,2.3,No
600944,7012743,101991,3.0,Bike,4.1,Yes
600945,7013786,101626,4.19,Bike,3.3,No
600946,7012294,103122,6.01,Bicycle,1.1,No
600947,7009200,101379,1.31,Bicycle,2.3,No
600948,7002480,102976,2.65,Bike,1.2,No
600949,7004872,100808,4.7,EV,3.5,No
600950,7010997,103378,11.98,EV Scooter,4.2,No
600951,7001888,100775,3.36,EV Scooter,1.1,Yes
600952,7004023,102764,11.4,Bike,4.2,No
600953,7013141,101507,3.56,EV,4.8,Yes
600954,7012690,102513,7.17,EV Scooter,4.4,No
600955,7012362,101192,4.26,Bicycle,1.6,Yes
600956,7002103,101356,9.83,Bike,4.2,No
600957,7012576,101294,3.15,Bicycle,2.7,No
600958,7013415,101410,5.31,EV Scooter,2.6,No
600959,7000775,103512,2.16,EV Scooter,3.1,No
600960,7003652,102770,11.95,Bicycle,1.5,Yes
600961,7012964,101114,1.78,EV Scooter,2.3,No
600962,7014786,101640,3.8,Bike,3.3,No
600963,7004901,100005,5.86,Bike,2.9,No
600964,7012553,103757,8.53,EV,3.7,No
600965,7007416,101106,6.265,Bike,3.1,No
600966,7000443,101511,7.82,Bike,4.8,No
600967,7005906,101853,9.58,EV,2.9,No
600968,7012097,103487,0.63,EV Scooter,4.8,No
600969,7010389,103362,3.0,Bike,1.7,No
600970,7007413,101217,7.26,Bike,2.6,No
600971,7005060,102432,9.25,Bike,1.9,No
600972,7012423,100511,7.72,Bike,1.3,No
600973,7013644,103429,7.38,EV Scooter,2.9,No
600974,7008003,101023,10.95,Bicycle,1.6,Yes
600975,7005155,101396,11.48,EV Scooter,1.6,Yes
600976,7009062,101785,0.57,Bike,1.6,No
600977,7010141,103903,8.07,Bike,3.4,No
600978,7006160,102242,5.05,Bike,3.7,No
600979,7007376,103533,1.63,Bike,2.7,No
600980,7005827,101601,3.13,EV,4.1,No
600981,7003156,102447,5.42,Bike,2.6,No
600982,7012744,102401,10.91,Bike,2.9,Yes
600983,7010210,100540,6.9,EV Scooter,1.9,Yes
600984,7010011,102745,9.82,EV,1.7,Yes
600985,7010938,102816,6.27,Bike,2.6,No
600986,7005788,101106,11.71,Bicycle,4.5,Yes
600987,7009965,100341,6.62,Bike,3.3,No
600988,7006522,100495,1.59,Bike,2.9,No
600989,7001408,104000,1.18,EV,2.4,Yes
600990,7003182,102990,10.62,Bike,2.9,Yes
600991,7007303,101533,1.96,Bike,1.3,No
600992,7010854,102349,6.34,Bicycle,3.8,No
600993,7003558,100846,8.27,EV Scooter,1.3,No
600994,7007250,103429,10.69,Bike,1.8,Yes
600995,7000255,101436,3.39,Bicycle,1.6,Yes
600996,7011726,100239,6.46,Bike,4.4,Yes
600997,7006689,101959,8.75,Bike,3.8,No
600998,7008190,103659,10.98,EV,2.9,No
600999,7010055,101290,8.9,Bike,3.3,Yes
601000,7002047,100370,6.275,EV,4.4,No
601001,7009416,101369,11.3,Bicycle,2.9,Yes
601002,7003920,102361,2.8,Bike,3.2,Yes
601003,7006726,103287,8.6,EV,2.9,No
601004,7012579,100750,0.5,Bike,4.2,No
601005,7000870,101157,2.28,Bike,3.7,No
601006,7010021,103121,6.275,EV,3.9,No
601007,7001617,103757,9.75,Bicycle,2.9,No
601008,7000495,102446,1.0,EV,2.7,No
601009,7007421,103106,7.74,Bicycle,1.7,No
601010,7003955,101005,1.0,Bike,2.9,No
601011,7014512,102610,5.7,Bicycle,4.9,Yes
601012,7002295,100239,2.81,EV,2.8,No
601013,7000396,102025,0.58,EV Scooter,3.1,No
601014,7003566,101379,9.84,Bike,4.5,No
601015,7003572,101455,6.25,Bicycle,1.4,No
601016,7002737,100096,6.6,EV Scooter,2.9,Yes
601017,7014001,103344,3.58,EV Scooter,3.8,No
601018,7005574,103458,11.73,Bicycle,3.1,Yes
601019,7010001,103480,7.21,Bike,1.7,Yes
601020,7003069,100012,11.59,Bicycle,3.5,No
601021,7000607,101169,0.73,EV Scooter,3.4,Yes
601022,7011120,100312,7.14,Bike,2.9,No
601023,7000929,103269,3.53,EV,1.2,No
601024,7012914,102344,8.87,EV Scooter,4.0,No
601025,7012382,100864,2.23,Bike,3.5,Yes
601026,7006316,101243,8.22,Bicycle,4.5,No
601027,7002878,102344,6.6,EV Scooter,2.9,Yes
601028,7007670,102703,4.65,Bicycle,1.5,Yes
601029,7002882,100794,1.12,EV,3.3,Yes
601030,7013329,101835,11.18,EV,2.9,Yes
601031,7006773,103458,4.08,EV Scooter,2.3,Yes
601032,7002045,102065,1.82,EV,2.4,Yes
601033,7009706,101069,6.55,EV Scooter,4.3,Yes
601034,7002568,102767,10.5,Bicycle,3.8,No
601035,7013735,101743,11.9,Bicycle,3.7,No
601036,7000717,100976,6.265,Bike,3.3,No
601037,7004547,101700,4.0,Bike,3.5,No
601038,7013386,103081,9.22,Bike,2.4,Yes
601039,7005335,101136,11.78,Bike,3.0,Yes
601040,7012069,101099,2.96,EV Scooter,1.9,Yes
601041,7010354,102807,0.81,Bike,4.7,Yes
601042,7012470,103829,7.87,EV,2.0,Yes
601043,7011408,101647,11.52,Bicycle,1.9,Yes
601044,7014264,101917,9.54,EV,2.4,Yes
601045,7013085,102281,8.4,Bicycle,2.9,No
601046,7003295,101837,11.24,Bicycle,2.9,No
601047,7008869,100926,0.83,EV Scooter,2.7,Yes
601048,7002183,100231,1.89,EV Scooter,4.8,Yes
601049,7014313,102236,7.87,EV Scooter,1.6,Yes
601050,7011096,103378,11.2,EV Scooter,1.4,Yes
601051,7002630,100241,11.19,EV,2.7,Yes
601052,7007075,102066,10.79,EV Scooter,4.7,No
601053,7008960,101575,4.86,EV Scooter,3.7,No
601054,7005743,101236,1.54,Bicycle,2.6,Yes
601055,7006177,100514,5.55,EV Scooter,3.1,Yes
601056,7013461,100578,4.64,Bike,4.0,No
601057,7004176,102019,11.96,EV Scooter,2.2,No
601058,7009747,101345,11.96,Bike,4.6,No
601059,7013117,101556,2.88,EV Scooter,1.3,Yes
601060,7000919,102712,5.91,EV Scooter,4.7,No
601061,7009690,103151,0.87,Bike,3.2,No
601062,7001983,100479,6.97,EV Scooter,2.3,Yes
601063,7004025,102770,10.52,Bicycle,4.9,Yes
601064,7006260,102972,10.26,Bicycle,3.5,Yes
601065,7003857,100993,6.77,Bike,4.7,No
601066,7007458,103591,6.04,Bike,4.9,Yes
601067,7011642,100096,9.77,EV Scooter,3.5,Yes
601068,7013495,103906,0.58,EV,4.7,No
601069,7003717,103814,1.03,Bike,2.3,Yes
601070,7004742,102582,5.24,Bicycle,4.6,No
601071,7010844,100976,4.12,EV Scooter,4.7,No
601072,7007102,103947,4.24,EV,3.1,No
601073,7013643,100151,4.38,EV,3.9,Yes
601074,7011277,102030,1.09,Bike,4.5,Yes
601075,7003663,100127,10.14,EV,1.6,No
601076,7010732,103228,3.58,Bike,3.2,No
601077,7011690,101650,7.31,Bike,4.6,No
601078,7010688,101343,4.2,Bike,3.8,Yes
601079,7008569,101863,3.08,EV,2.2,No
601080,7012442,102322,7.31,Bike,1.2,No
601081,7001595,100774,11.6,Bike,4.6,No
601082,7009600,102340,1.07,Bicycle,3.1,No
601083,7006319,103260,2.46,Bike,4.3,No
601084,7011731,103457,1.84,Bike,1.6,No
601085,7000399,103121,10.34,EV Scooter,2.9,No
601086,7001416,100578,2.58,Bike,2.3,No
601087,7003100,103541,7.06,EV Scooter,4.0,Yes
601088,7005396,102205,1.56,Bike,1.9,No
601089,7005023,100101,8.73,Bike,1.3,No
601090,7000865,100928,9.73,Bike,2.9,No
601091,7003616,101626,10.2,EV Scooter,2.9,No
601092,7000556,101369,6.71,EV,4.0,Yes
601093,7000937,100890,4.48,Bike,4.1,No
601094,7000885,103633,4.09,EV Scooter,2.3,No
601095,7003124,102765,7.41,EV Scooter,1.6,Yes
601096,7012154,100314,1.61,Bike,3.6,Yes
601097,7004077,103111,3.48,EV,1.3,No
601098,7010003,102305,1.82,Bicycle,4.9,Yes
601099,7005472,101597,8.8,EV,2.9,Yes
601100,7001476,102025,4.28,EV,2.4,Yes
601101,7014142,100325,0.69,Bike,4.7,Yes
601102,7012039,101027,11.2,EV,1.9,No
601103,7004302,102563,6.29,EV,4.2,No
601104,7002122,102040,10.04,Bike,3.1,No
601105,7000310,101157,8.19,EV,2.8,Yes
601106,7008478,100784,1.84,EV Scooter,3.6,No
601107,7008647,100212,9.07,Bike,3.3,No
601108,7003780,100886,2.34,Bike,3.9,Yes
601109,7007743,102523,7.81,EV Scooter,4.8,No
601110,7004895,103149,7.7,EV Scooter,2.5,Yes
601111,7008707,103103,3.43,Bike,2.1,Yes
601112,7006873,103802,9.67,EV Scooter,3.9,No
601113,7007436,103458,8.76,Bicycle,2.5,No
601114,7003722,101727,3.78,Bicycle,1.9,No
601115,7006300,101496,11.19,Bike,1.7,Yes
601116,7010588,100079,10.5,Bike,4.5,Yes
601117,7012650,101583,9.05,Bike,5.0,No
601118,7001364,102647,4.46,Bike,2.9,No
601119,7006927,100443,7.41,Bike,2.9,Yes
601120,7014075,100212,6.8,Bicycle,4.5,Yes
601121,7004361,100131,7.34,Bike,3.3,No
601122,7010963,100747,6.275,EV,1.4,Yes
601123,7008722,102344,11.93,Bike,1.4,Yes
601124,7013362,100077,8.67,Bike,4.2,No
601125,7008563,100662,5.69,EV,1.7,Yes
601126,7013039,102753,9.38,EV,1.3,Yes
601127,7011033,103121,9.04,Bike,4.1,Yes
601128,7011409,102076,4.6,Bike,2.9,No
601129,7006654,100982,6.265,Bike,4.8,Yes
601130,7003074,103362,11.84,EV,3.5,Yes
601131,7002315,101507,1.56,Bicycle,4.6,No
601132,7012445,102167,2.39,EV,1.2,No
601133,7001429,100151,2.12,Bicycle,1.2,Yes
601134,7005335,100453,7.63,EV Scooter,4.2,Yes
601135,7009748,100924,6.32,EV Scooter,1.6,No
601136,7009832,103561,2.02,Bicycle,3.6,No
601137,7001896,100691,1.32,EV Scooter,3.1,Yes
601138,7006748,100370,4.71,Bike,2.5,No
601139,7014211,101330,7.63,EV Scooter,2.7,Yes
601140,7002897,100636,7.16,Bike,2.8,Yes
601141,7013243,101314,6.26,Bike,1.6,No
601142,7013249,102505,10.12,Bike,3.9,Yes
601143,7010371,101917,1.35,Bike,3.6,Yes
601144,7013221,103967,6.55,Bike,1.2,No
601145,7005651,102577,10.36,Bicycle,1.8,Yes
601146,7005508,103848,6.6,EV Scooter,5.0,Yes
601147,7006424,102445,7.4,Bike,2.1,Yes
601148,7001931,102735,2.57,Bike,4.4,No
601149,7007850,103641,7.04,EV,2.4,Yes
601150,7014325,100159,7.39,Bicycle,4.8,Yes
601151,7003447,100034,2.0,EV,2.2,No
601152,7009674,103634,11.99,Bike,4.8,No
601153,7004798,102623,5.08,EV,4.5,No
601154,7014221,101839,0.57,EV,1.5,No
601155,7009351,102167,11.23,Bicycle,2.0,Yes
601156,7013339,100913,11.49,Bike,1.8,Yes
601157,7000345,103257,10.71,EV Scooter,3.1,No
601158,7010848,101797,9.37,EV Scooter,3.3,Yes
601159,7004991,103655,11.75,EV,4.6,No
601160,7002497,102686,2.97,EV Scooter,2.5,Yes
601161,7005659,103340,5.61,Bike,2.9,Yes
601162,7013590,103393,10.22,EV,4.0,Yes
601163,7000152,101601,8.98,Bike,1.0,No
601164,7012214,100441,1.54,EV,2.1,Yes
601165,7012215,103741,11.33,Bicycle,3.6,Yes
601166,7007932,100484,5.49,Bike,2.3,No
601167,7000573,101633,10.1,EV Scooter,2.9,No
601168,7003143,101214,1.38,Bike,4.2,Yes
601169,7008795,102217,11.72,Bike,2.3,No
601170,7006647,103233,2.15,Bicycle,4.6,No
601171,7008993,101717,0.52,Bike,4.3,No
601172,7007156,101887,9.85,Bike,4.4,Yes
601173,7008205,101627,5.38,Bike,3.8,No
601174,7004772,102315,7.04,Bike,4.8,Yes
601175,7003500,100951,0.62,Bicycle,1.4,Yes
601176,7007612,100940,10.15,EV Scooter,1.1,Yes
601177,7011080,102610,6.91,EV,4.5,Yes
601178,7013762,100005,5.01,Bicycle,2.1,No
601179,7013093,101099,6.31,Bicycle,2.9,Yes
601180,7000507,102036,7.67,Bike,4.3,Yes
601181,7014721,103041,11.17,EV,4.4,No
601182,7014739,100823,6.77,EV Scooter,2.2,No
601183,7001554,102325,3.29,Bike,2.9,No
601184,7013582,101138,8.34,Bike,2.4,No
601185,7011321,103240,7.4,Bike,2.7,Yes
601186,7003747,102742,2.42,Bicycle,2.9,Yes
601187,7011261,101572,10.6,Bike,1.6,No
601188,7009594,101572,3.51,Bicycle,1.9,Yes
601189,7006380,100468,5.87,EV,1.0,Yes
601190,7001812,102276,0.61,Bike,1.2,No
601191,7002003,101975,1.47,Bike,2.1,Yes
601192,7001028,100011,3.22,EV,4.5,No
601193,7000820,101962,5.8,Bicycle,1.7,Yes
601194,7012236,103865,2.99,EV,2.9,No
601195,7012620,103959,1.64,EV Scooter,2.9,No
601196,7001791,100580,11.44,EV Scooter,3.6,No
601197,7013291,103417,6.275,EV,2.8,No
601198,7005293,101817,6.84,EV,3.7,Yes
601199,7000908,103671,2.51,EV,1.1,No
601200,7001119,100753,11.55,Bike,3.0,Yes
