pnl_id,platform_id,city,month,revenue_inr,cogs_inr,delivery_cost_inr,marketing_spend_inr,employee_cost_inr,other_opex_inr,orders_count,profit_inr,profit_margin_percent,total_cost_inr,cost_to_revenue_percent,aov_inr
300001,1,Mumbai,2024-10-01,17067655.75,9943198.94,2650610.18,2532007.79,940157.27,647246.7,260280,354434.87,2.08,16713220.88,97.92,65.57
300002,1,Mumbai,2023-05-01,33036195.0,20856167.51,2951597.66,1913998.83,2296549.82,1619076.16,573852,3398805.02,10.29,29637389.98,89.71,57.57
300003,1,Delhi,2023-06-01,23096701.24,13245385.05,2661359.02,2939167.39,1468355.8,894821.39,234522,1887612.59,8.17,21209088.65,91.83,98.48
300004,1,Delhi,2023-04-01,21247484.24,14865325.49,3445110.92,2038784.47,1033005.99,658477.72,210310,-793220.35,-3.73,22040704.59,103.73,101.03
300005,1,Bengaluru,2024-02-01,24568443.84,18400643.38,2830943.21,2247103.73,1903167.6,664651.95,330980,-1478066.03,-6.02,26046509.87,106.02,74.23
300006,1,Hyderabad,2024-11-01,40954809.98,29193786.29,3281054.25,3469577.74,3652822.27,2440954.23,566831,-1083384.8,-2.65,42038194.78,102.65,72.25
300007,1,Chennai,2023-07-01,15458877.5,9868871.83,1781277.01,2075149.03,1079230.54,314436.98,95141,339912.11,2.2,15118965.39,97.8,162.48
300008,1,Chennai,2023-10-01,31476359.12,18348289.59,3391852.99,3748568.5,1921931.89,780436.08,245682,3285280.07,10.44,28191079.05,89.56,128.12
300009,1,Pune,2023-01-01,33605465.67,21441729.29,4054567.14,2593038.07,1625928.43,1351119.11,532556,2539083.63,7.56,31066382.04,92.44,63.1
300010,1,Pune,2023-11-01,44886514.88,33583942.84,7921389.27,5781123.09,2779051.21,2441103.16,295376,-7620094.69,-16.98,52506609.57,116.98,151.96
300011,1,Kolkata,2023-07-01,5744016.96,3162312.07,789859.72,615435.52,303121.24,299355.74,422836,573932.67,9.99,5170084.29,90.01,13.58
300012,1,Kolkata,2023-05-01,12266467.63,6898165.52,1259943.29,1239557.2,554498.05,587084.64,217496,1727218.93,14.08,10539248.7,85.92,56.4
300013,1,Ahmedabad,2024-04-01,13642840.24,10209750.19,1548221.8,802789.86,867333.54,278661.56,248105,-63916.71,-0.47,13706756.95,100.47,54.99
300014,1,Ahmedabad,2023-06-01,31627274.01,21444830.01,4365585.61,2305409.03,2708513.71,1760772.25,106690,-957836.6,-3.03,32585110.61,103.03,296.44
300015,1,Jaipur,2023-04-01,7861489.27,4859800.31,1038201.03,481266.55,403085.13,287949.0,363027,791187.25,10.06,7070302.02,89.94,21.66
300016,1,Jaipur,2024-09-01,44109376.56,28618837.53,5712983.82,6228357.98,2804221.19,1398487.75,270771,-653511.71,-1.48,44762888.27,101.48,162.9
300017,1,Lucknow,2023-04-01,2944636.76,1851832.21,259619.33,275937.74,141313.83,171746.51,245116,244187.14,8.29,2700449.62,91.71,12.01
300018,1,Lucknow,2024-06-01,27777332.09,17742706.9,2737674.89,2379071.87,2010860.33,605937.37,41230,2301080.73,8.28,25476251.36,91.72,673.72
300019,1,Chandigarh,2024-04-01,41135024.61,28173725.46,6047209.85,5688143.42,3275452.42,2359797.17,254192,-4409303.71,-10.72,45544328.32,110.72,161.83
300020,1,Kochi,2024-01-01,44014474.0,26909014.02,3914193.44,3230467.15,3762028.01,1495113.84,308326,4703657.54,10.69,39310816.46,89.31,142.75
300021,1,Kochi,2024-12-01,44576316.03,32377417.01,4905265.47,3181638.46,3663431.78,1653890.01,38872,-1205326.7,-2.7,45781642.73,102.7,1146.75
300022,2,Mumbai,2024-12-01,28049784.62,19241287.61,2917919.62,2686948.64,1922571.83,1180323.87,512496,100733.05,0.36,27949051.57,99.64,54.73
300023,2,Delhi,2023-05-01,30023641.75,18471788.8,3856639.58,2469168.19,1632176.91,1629851.53,154006,1964016.74,6.54,28059625.01,93.46,194.95
300024,2,Delhi,2023-07-01,6543713.17,3738952.14,713625.31,615925.05,346941.78,288325.94,259331,839942.95,12.84,5703770.22,87.16,25.23
300025,2,Bengaluru,2024-04-01,22531017.84,13460593.19,2398514.35,2951189.7,1927343.04,507572.36,59942,1285805.2,5.71,21245212.64,94.29,375.88
300026,2,Hyderabad,2023-05-01,23747273.29,14943466.75,4091939.91,1652869.55,1870789.66,1180139.54,298652,8067.88,0.03,23739205.41,99.97,79.51
300027,2,Hyderabad,2023-07-01,28543521.99,17776581.11,4938626.71,2029994.38,1952152.63,1128315.01,147686,717852.15,2.51,27825669.84,97.49,193.27
300028,2,Chennai,2024-05-01,15438169.11,11236154.16,2457525.86,979069.61,665099.73,824270.48,597390,-723950.73,-4.69,16162119.84,104.69,25.84
300029,2,Chennai,2023-08-01,13630335.85,7781818.74,1674717.47,1783869.97,834197.14,307032.77,100514,1248699.76,9.16,12381636.09,90.84,135.61
300030,2,Pune,2024-09-01,24753700.29,14008304.29,3283452.72,3246341.77,1973543.85,1467501.29,466184,774556.37,3.13,23979143.92,96.87,53.1
300031,2,Kolkata,2023-06-01,7479098.57,5012698.34,1233925.63,418089.51,549280.77,188129.46,92444,76974.86,1.03,7402123.71,98.97,80.9
300032,2,Kolkata,2023-04-01,15095244.77,8316946.84,2185799.22,931062.41,1195210.05,567736.47,91818,1898489.78,12.58,13196754.99,87.42,164.4
300033,2,Ahmedabad,2024-10-01,6946510.57,4664052.56,1073245.24,584129.11,334035.15,173579.83,289148,117468.68,1.69,6829041.89,98.31,24.02
300034,2,Jaipur,2024-04-01,23963394.55,15295033.28,2095460.13,3456695.49,2124748.49,1378670.21,176830,-387213.05,-1.62,24350607.6,101.62,135.52
300035,2,Lucknow,2024-09-01,21448362.79,14638138.5,2800066.06,1234750.62,1325933.88,608491.27,310882,840982.46,3.92,20607380.33,96.08,68.99
300036,2,Lucknow,2024-04-01,30632637.8,18693212.58,4635664.33,3114245.69,2301815.94,1089149.53,359297,798549.73,2.61,29834088.07,97.39,85.26
300037,2,Chandigarh,2023-09-01,11095893.45,7953610.26,940604.25,1061210.62,973105.19,579239.29,577814,-411876.16,-3.71,11507769.61,103.71,19.2
300038,2,Chandigarh,2023-05-01,9427639.3,6960209.24,1390478.27,1123282.54,613026.77,201883.67,587620,-861241.19,-9.14,10288880.49,109.14,16.04
300039,2,Kochi,2024-05-01,30409670.6,20535976.46,3319383.53,4061298.55,1327733.57,1260449.96,293900,-95171.47,-0.31,30504842.07,100.31,103.47
300040,2,Kochi,2024-09-01,5731804.15,3709980.53,580049.29,533417.18,503015.95,143477.57,406130,261863.63,4.57,5469940.52,95.43,14.11
300041,3,Mumbai,2024-12-01,23966915.8,16523425.67,4148146.38,1908525.25,1141433.57,790389.88,171580,-545004.95,-2.27,24511920.75,102.27,139.68
300042,3,Delhi,2023-03-01,6737003.55,4260582.72,1198217.08,682444.14,341888.77,399098.58,302936,-145227.74,-2.16,6882231.29,102.16,22.24
300043,3,Delhi,2023-04-01,29433432.56,18144247.17,3765580.06,2212658.53,1455486.57,1504476.36,431075,2350983.87,7.99,27082448.69,92.01,68.28
300044,3,Bengaluru,2024-09-01,32795984.21,23643995.75,2641598.62,4121120.12,2101094.84,1771622.18,492523,-1483447.3,-4.52,34279431.51,104.52,66.59
300045,3,Bengaluru,2023-03-01,7135004.27,4502066.84,711737.51,731277.89,532763.58,282035.89,368557,375122.56,5.26,6759881.71,94.74,19.36
300046,3,Hyderabad,2024-05-01,12978725.44,7719809.28,2246771.39,1300036.99,867010.75,450391.6,336220,394705.43,3.04,12584020.01,96.96,38.6
300047,3,Chennai,2023-11-01,32554585.0,19211779.5,3345383.67,4354964.08,1800495.34,994655.68,336220,2847306.73,8.75,29707278.27,91.25,96.83
300048,3,Chennai,2024-08-01,35989200.47,20459320.35,5015788.77,3484596.46,1588508.09,747495.58,227569,4693491.22,13.04,31295709.25,86.96,158.15
300049,3,Pune,2023-07-01,2272626.24,1314428.27,216404.36,180301.35,147304.18,131452.53,192007,282735.55,12.44,1989890.69,87.56,11.84
300050,3,Kolkata,2023-05-01,20909379.45,12889592.41,2881721.59,2281651.22,1396905.62,730303.89,280283,729204.72,3.49,20180174.73,96.51,74.6
300051,3,Ahmedabad,2024-07-01,27318865.11,16059669.43,2658259.9,3474847.94,2296227.15,994044.64,336220,1835816.05,6.72,25483049.06,93.28,81.25
300052,3,Ahmedabad,2023-10-01,29128005.95,17955966.85,3241300.73,1732064.74,2181733.22,1251626.95,336220,2765313.46,9.49,26362692.49,90.51,86.63
300053,3,Jaipur,2025-01-01,13222313.52,7402051.95,2171305.41,1313338.23,788372.61,765020.38,445053,782224.94,5.92,12440088.58,94.08,29.71
300054,3,Jaipur,2024-03-01,3039886.46,1873938.8,454892.63,414612.21,138605.46,112368.76,358295,45468.6,1.5,2994417.86,98.5,8.48
300055,3,Lucknow,2023-12-01,24525784.21,17376260.14,3740641.46,2557711.73,1896460.39,618194.05,595069,-1663483.56,-6.78,26189267.77,106.78,41.22
300056,3,Chandigarh,2024-07-01,9579994.21,7159815.24,1232333.99,488313.7,628016.92,567389.21,199514,-495874.85,-5.18,10075869.06,105.18,48.02
300057,3,Chandigarh,2024-12-01,13938439.8,7932701.96,1249228.64,1557552.13,794718.75,778044.26,389642,1626194.06,11.67,12312245.74,88.33,35.77
300058,3,Kochi,2023-03-01,31255725.5,22115369.35,3248630.85,2254021.78,2002417.22,1547959.36,101209,87326.94,0.28,31168398.56,99.72,308.82
300059,4,Mumbai,2024-11-01,2328303.49,1674097.77,300729.25,270724.75,156011.44,58316.18,317296,-131575.9,-5.65,2459879.39,105.65,7.34
300060,4,Mumbai,2023-01-01,27699149.0,16763175.93,4659608.3,4040009.34,1639234.19,967400.83,106803,-370279.59,-1.34,28069428.59,101.34,259.35
300061,4,Delhi,2024-06-01,19076085.06,11726866.35,3385697.58,1724321.29,1125072.06,543973.62,449093,570154.16,2.99,18505930.9,97.01,42.48
300062,4,Bengaluru,2024-03-01,8499773.81,6222898.12,1346851.11,1201272.36,502158.52,507832.84,251851,-1281239.14,-15.07,9781012.95,115.07,33.75
300063,4,Hyderabad,2024-02-01,16839033.43,10878698.56,1476352.54,2334347.85,725708.86,488165.65,455436,935759.97,5.56,15903273.46,94.44,36.97
300064,4,Chennai,2024-10-01,9724060.47,6508935.88,1373177.1,766103.69,531883.83,271974.65,75116,271985.32,2.8,9452075.15,97.2,129.45
300065,4,Pune,2024-11-01,30814986.57,20025304.08,3354371.47,3768555.33,2767001.61,948242.38,119720,-48488.3,-0.16,30863474.87,100.16,257.39
300066,4,Kolkata,2023-10-01,4622989.29,3189362.57,375849.26,410692.61,225090.13,142259.17,259517,279735.55,6.05,4343253.74,93.95,17.81
300067,4,Kolkata,2023-05-01,24852738.1,16891082.77,3870923.28,3475488.05,1468276.03,764771.37,295365,-1617803.4,-6.51,26470541.5,106.51,84.14
300068,4,Ahmedabad,2024-01-01,43058797.18,28822008.12,7537283.91,3775986.75,2901137.3,2503390.04,374234,-2481008.94,-5.76,45539806.12,105.76,115.06
300069,4,Ahmedabad,2024-06-01,40320239.92,26939449.9,6367053.74,5268407.13,2219637.98,1200246.52,471632,-1674555.35,-4.15,41994795.27,104.15,85.49
300070,4,Jaipur,2024-10-01,31803902.65,21327549.02,3195914.83,3698016.01,2783456.18,874948.55,265116,-75981.94,-0.24,31879884.59,100.24,119.96
300071,4,Lucknow,2023-08-01,30949516.58,19648687.59,4240847.84,1669152.45,1699752.56,952382.15,544991,2738693.99,8.85,28210822.59,91.15,56.79
300072,4,Lucknow,2023-02-01,38827721.3,23775084.5,3329418.18,3864742.13,1811138.29,1529198.68,276647,4518139.52,11.64,34309581.78,88.36,140.35
300073,4,Chandigarh,2023-05-01,2912281.57,2072585.55,300612.45,349174.78,239780.53,164548.45,191533,-214420.19,-7.36,3126701.76,107.36,15.21
300074,4,Kochi,2024-06-01,35647472.36,25956440.38,4072514.88,2052505.1,2560899.47,1937296.24,20972,-932183.71,-2.62,36579656.07,102.62,1699.77
